{
  "0": [
    0.12190286432659542,
    0.08253187930384087,
    0.04832848868180951,
    0.04832848868180951,
    0.03808871843037262,
    0.03573843750550984,
    0.03076807928759887,
    0.03076807928759887,
    0.030538898175048453,
    0.016350259431329183,
    0.01611226623510904,
    0.007094628913105991,
    0.007094628913105991,
    0.006854086273265099,
    0.0053987199743277415,
    0.005031049750929991,
    0.005311531672287019,
    0.005034508706896087,
    0.005034508706896087,
    0.005034508706896087,
    0.005034508706896087,
    0.005231566833664709,
    0.0036503915850371943,
    0.0030420854788270986,
    0.0030420854788270986,
    0.0030420854788270986,
    0.0030420854788270986,
    0.0030420854788270986,
    0.0029231636700296558,
    0.0029231636700296558,
    0.0029231636700296558,
    0.002903238778614096,
    0.0027181846798546294,
    0.002903238778614096,
    0.003502805902182945,
    0.002863539262480904,
    0.002658560272305876,
    0.0030008698485989053,
    0.003502805902182945,
    0.0030008698485989053,
    0.003163447533562688,
    0.003163447533562688,
    0.003163447533562688,
    0.003163447533562688,
    0.003163447533562688,
    0.003163447533562688,
    0.003163447533562688,
    0.003163447533562688,
    0.003163447533562688,
    0.003163447533562688,
    0.003163447533562688,
    0.003163447533562688,
    0.003163447533562688,
    0.003163447533562688,
    0.003163447533562688,
    0.003163447533562688,
    0.003163447533562688,
    0.003163447533562688,
    0.003163447533562688,
    0.003163447533562688,
    0.003163447533562688,
    0.003163447533562688,
    0.003163447533562688,
    0.0030445839327173634,
    0.003163447533562688,
    0.003163447533562688,
    0.003163447533562688,
    0.003163447533562688,
    0.003163447533562688,
    0.003163447533562688,
    0.003163447533562688,
    0.0028494503562808936,
    0.003163447533562688,
    0.0030266353432451343,
    0.003163447533562688,
    0.003163447533562688,
    0.003163447533562688,
    0.003163447533562688,
    0.003163447533562688,
    0.003163447533562688
  ],
  "1": [
    0.15739847851394895,
    0.11508119605136366,
    0.08545236499356357,
    0.07619160327445251,
    0.07389579629334209,
    0.04581530216238391,
    0.04581530216238391,
    0.043690025235598,
    0.03844948881032947,
    0.035055391733813085,
    0.034603594912089995,
    0.03296463774119156,
    0.03296463774119156,
    0.02939796997903181,
    0.03296463774119156,
    0.029804971944262598,
    0.02947299412734834,
    0.02947299412734834,
    0.02811317672597522,
    0.027124529946833613,
    0.02214028044512048,
    0.021675886261866065,
    0.017379938291539516,
    0.013670439018103504,
    0.017352910876329158,
    0.006952287906586072,
    0.006939486052430916,
    0.008739063483197283,
    0.008739063483197283,
    0.008693179755942082,
    0.006726874271385201,
    0.006825392593092394,
    0.00766601339033954,
    0.004691382659742809,
    0.004691382659742809,
    0.004691382659742809,
    0.004647280110834381,
    0.004647280110834381,
    0.00460007695757285,
    0.00460007695757285,
    0.004243264842231968,
    0.004691382659742809,
    0.004691382659742809,
    0.003709309204229467,
    0.003709309204229467,
    0.004691382659742809,
    0.00482910177339563,
    0.00482910177339563,
    0.00482910177339563,
    0.00482910177339563,
    0.00406315495150458,
    0.00482910177339563,
    0.004504309974560612,
    0.004504309974560612,
    0.004504309974560612,
    0.004504309974560612,
    0.004504309974560612,
    0.004504309974560612,
    0.004504309974560612,
    0.004504309974560612,
    0.004504309974560612,
    0.004504309974560612,
    0.004504309974560612,
    0.004504309974560612,
    0.004504309974560612,
    0.004475232294935057,
    0.004475232294935057,
    0.004475232294935057,
    0.004384552698670884,
    0.004384552698670884,
    0.004475232294935057,
    0.004475232294935057,
    0.004475232294935057,
    0.004475232294935057,
    0.004475232294935057,
    0.004475232294935057,
    0.004462672999903963,
    0.004462672999903963,
    0.004462672999903963,
    0.004462672999903963
  ],
  "7": [
    0.21117637674499143,
    0.20360199570961288,
    0.13530851861052848,
    0.11507606973774631,
    0.08356489407892047,
    0.065607069991724,
    0.04746577661399897,
    0.03213258062511309,
    0.023873371743084147,
    0.01802666963300396,
    0.012450458391143828,
    0.012450458391143828,
    0.012450458391143828,
    0.00992933931469374,
    0.00992933931469374,
    0.00992933931469374,
    0.009805114836222694,
    0.008345086263309924,
    0.008345086263309924,
    0.008345086263309924,
    0.008220861784838877,
    0.008220861784838877,
    0.008450375320618275,
    0.008395162042772903,
    0.008395162042772903,
    0.00821568993277887,
    0.008098911585836557,
    0.008098911585836557,
    0.008007729235593985,
    0.008007729235593985,
    0.008007729235593985,
    0.008007729235593985,
    0.008007729235593985,
    0.008007729235593985,
    0.008007729235593985,
    0.008007729235593985,
    0.007856256548089424,
    0.008007729235593985,
    0.008007729235593985,
    0.008007729235593985,
    0.007944595468149974,
    0.007944595468149974,
    0.007781847699342933,
    0.007781847699342933,
    0.007781847699342933,
    0.007781847699342933,
    0.007781847699342933,
    0.007781847699342933,
    0.007781847699342933,
    0.007781847699342933,
    0.007781847699342933,
    0.007781847699342933,
    0.007781847699342933,
    0.007781847699342933,
    0.007781847699342933,
    0.007781847699342933,
    0.007781847699342933,
    0.007781847699342933,
    0.007781847699342933,
    0.007781847699342933,
    0.0065480264382170306,
    0.007781847699342933,
    0.007809570152464865,
    0.0074211750287124355,
    0.0074211750287124355,
    0.0074211750287124355,
    0.006667929072219409,
    0.0074211750287124355,
    0.0074211750287124355,
    0.0074211750287124355,
    0.008914795000506636,
    0.008914795000506636,
    0.008914795000506636,
    0.008914795000506636,
    0.008914795000506636,
    0.006914296726750353,
    0.006914296726750353,
    0.006914296726750353,
    0.00636563236186594,
    0.00636563236186594
  ],